Model,Accuracy,Precision,Recall,F1 Score
Logistic Regression,0.8877551020408163,0.6,0.46153846153846156,0.5217391304347826
SVM,0.8469387755102041,0.4318181818181818,0.48717948717948717,0.4578313253012048
Random Forest (Tuned),0.7925170068027211,0.328125,0.5384615384615384,0.4077669902912621
Gaussian Naive Bayes,0.7074829931972789,0.26262626262626265,0.6666666666666666,0.37681159420289856
KNN,0.8639455782312925,0.46153846153846156,0.15384615384615385,0.23076923076923078
Decision Tree,0.8231292517006803,0.24,0.15384615384615385,0.1875
